{"Jerry": "4W61E0D8P37GLLX", "Matthew": "51HCPUQXYYQHNAI", "Sallie": "IGZ47329LV2PV6E", "Vito": "ZRJVLSV6JXMLAQL", "Linda": "1Y0O6VIYDWXOYXQ", "Edna": "BI7FJG3MY1AHQ1V", "Warren": "QWXF3KHRV5884CM", "Tammy": "PI97KS29IZ4IESA", "Charlie": "EJPA07T87URAUDA", "Lee": "C39OH61TFTK2HF8", "Jill": "69OOUZ1ALCUS07E", "Cynthia": "MVK5ZJMRGLSI9DD", "Patrick": "XB4GFDHXW5O2CGX", "Garth": "XMV2JWL9E4XHIPN", "Jonathan": "KX1BUEY7Y9DDA0B", "Manuel": "LRQWMO56QH8M0MS", "Barry": "UXN5SYAL5M44K7P", "Jerome": "CL88KBZ3E6OUEYB", "Leon": "AC0XF8830DZCM8U", "Yvonne": "BP0U1Q73BAOIO7Y", "Richard": "3TQI8TB39DFIMI6", "Angela": "XMLU8ZPD7Z9BMC5", "Rebecca": "KS7JY1T5XD2PWIP", "Donnie": "JFCD8TEY93HU4MW", "Mona": "ITM1A9K07QD91J9", "Barbara": "COWUCVJ8GMBS6CQ", "Jeffery": "LY3HX5UJGX4W9F6", "Linette": "9K1SEYBJWUPGC54", "Ben": "PXMAZPRE0H0U0OD", "Vincent": "U647U9X9Q1XMVXH"}